<?xml version="1.0" encoding="UTF-8"?>
<!DOCTYPE codetemplates PUBLIC "-//NetBeans//DTD Editor Code Templates settings 1.0//EN" "http://www.netbeans.org/dtds/EditorCodeTemplates-1_0.dtd">
<codetemplates>
    <codetemplate abbreviation="jaxbu" xml:space="preserve">
        <code><![CDATA[
            try {
                javax.xml.bind.JAXBContext jaxbCtx = javax.xml.bind.JAXBContext.newInstance(${UM_OBJ instanceof="java.lang.Object" default="umObj"}.getClass().getPackage().getName());
                javax.xml.bind.Unmarshaller unmarshaller = jaxbCtx.createUnmarshaller();
                ${UM_OBJ} = ${TYPE_CAST cast default=""} unmarshaller.unmarshal(new java.io.File("File path")); //NOI18N
            } catch (javax.xml.bind.JAXBException ex) {
                // XXXTODO Handle exception
                java.util.logging.Logger.getLogger("global").log(java.util.logging.Level.SEVERE, null, ex); //NOI18N
            }
        ]]></code>
        <description><![CDATA[Sample template to unmarshal JAXB objects.]]></description>
    </codetemplate>
    <codetemplate abbreviation="javaread" xml:space="preserve">
        <code><![CDATA[public List<Booking> getList() {
        List<Booking> hlist = new ArrayList<Booking>();
        Connection con = null;
        try {
            con = new DBConnection().getConnection();
            String query = " SELECT * FROM TABLE ";

            PreparedStatement ps = con.prepareStatement(query);
            ps.setInt(1, pid);
 System.out.println("ps:" + ps);
            ResultSet rs = ps.executeQuery();
            while (rs.next()) {
                Booking b = new Booking();
                b.setId(rs.getInt("id"));
                hlist.add(b);
            }
        } catch (Exception e) {
            e.printStackTrace();
        } finally {
            if (con != null) {
                con.close();
            }
        }
        return hlist;
    }]]></code>
    </codetemplate>
    <codetemplate abbreviation="javacreate" xml:space="preserve">
        <code><![CDATA[public int setBooking(Booking bean) throws SQLException {
        int auto_id = 0;
        Connection con = null;
        try {
            con = new DBConnection().getConnection();
            String query = " INSERT INTO hospital_book \n"
                    + "            (`hospital_id`,\n"
                    + "             `booking_datetime`,\n"
                    + "             `fee`)\n"
                    + "VALUES (?,\n"
                    + "        ?,\n"
                    + "        ?); ";
            /*INSERT INTO users (fname,lname,gender,age,email,pword,TYPE)
VALUES ('uxnath','fernando','Male',30,'uxnathdo@gmail.com',PASSWORD('123'),'PNT')*/
            PreparedStatement ps = con.prepareStatement(query, Statement.RETURN_GENERATED_KEYS);
            ps.setString(1, bean.getHospital_name());
            ps.setString(2, bean.getBooking_datetime());
            ps.setString(3, bean.getFee());
            System.out.println("ps:" + ps);

            if (ps.executeUpdate() == 1) {
                ResultSet rs = ps.getGeneratedKeys();
                rs.next();
                auto_id = rs.getInt(1);
                System.out.println("id:" + auto_id);
            }

        } catch (Exception e) {
            e.printStackTrace();
        } finally {
            if (con != null) {
                con.close();
            }
        }
        return auto_id;
    }]]></code>
    </codetemplate>
    <codetemplate abbreviation="jaxbm" xml:space="preserve">
        <code><![CDATA[try {            
                javax.xml.bind.JAXBContext jaxbCtx= javax.xml.bind.JAXBContext.newInstance( ${OBJ2M instanceof="java.lang.Object" default="obj2BMarshalled"}.getClass().getPackage().getName());
                javax.xml.bind.Marshaller marshaller = jaxbCtx.createMarshaller();
                marshaller.setProperty(javax.xml.bind.Marshaller.JAXB_ENCODING, "UTF-8"); //NOI18N
                marshaller.setProperty(javax.xml.bind.Marshaller.JAXB_FORMATTED_OUTPUT, Boolean.TRUE);
                marshaller.marshal(${OBJ2M} , System.out);
            } catch (javax.xml.bind.JAXBException ex) {
                // XXXTODO Handle exception
                java.util.logging.Logger.getLogger("global").log(java.util.logging.Level.SEVERE, null, ex); //NOI18N
        }]]></code>
        <description><![CDATA[Sample template to marshal JAXB objects.]]></description>
    </codetemplate>
</codetemplates>
